"band","year","survived","beak_pc1","beak_length","beak_width","beak_depth"
"JP1003",2004,0,-0.6974,10.98,9.81,10.61
"JP1004",2004,0,0.7003,11.71,10.76,11.61
"JP1010",2004,1,-0.8592,11.19,9.5,10.37
"JP1011",2004,0,-1.7118,10.86,8.23,10.51
"JP1017",2004,0,-0.3132,11.26,9.52,11.5
"JP1018",2004,0,2.3446,12.63,11.66,12.99
"JP1019",2004,0,-0.8201,11.03,9.66,10.46
"JP1020",2004,1,-0.5713,11.45,9.23,11.04
"JP1021",2004,1,-0.0633,11.38,9.73,11.64
"JP1022",2004,1,0.2009,12.15,9.49,11.55
"JP1023",2004,0,-1.1493,10.7,9.23,10.7
"JP1024",2004,0,-1.437,10.36,9.32,10.37
"JP1025",2004,0,-2.3274,10.4,8.41,9.47
"JP1026",2004,0,-1.4624,10.92,8.76,10.31
"JP1027",2004,1,1.5818,13.01,10.28,12.55
"JP1029",2004,0,2.9454,13.45,11.3,13.76
"JP1030",2004,0,-0.6788,11.71,8.85,10.95
"JP1031",2004,0,3.0539,12.82,12.16,13.71
"JP1032",2004,0,-1.5867,11.41,8.35,9.92
"JP1033",2004,0,-0.618,11.36,9.2,11.09
"JP1035",2004,1,0.4251,12.17,9.74,11.71
"JP1036",2004,0,0.7247,11.58,10.68,11.94
"JP1037",2004,1,1.5887,13.84,9.69,12.25
"JP1038",2004,0,2.5489,13.48,11.25,12.88
"JP1039",2004,0,1.0569,12.85,9.82,12.16
"JP1040",2004,1,-1.3767,10.7,9.1,10.35
"JP1042",2004,0,-0.7183,11.64,8.92,10.86
"JP1043",2004,0,0.1711,12.06,9.85,11.13
"JP1044",2004,0,3.2008,13.75,11.83,13.26
"JP1045",2004,1,-1.3681,10.59,9.21,10.37
"JP1047",2004,1,3.0682,13.15,11.77,13.82
"JP1048",2004,0,1.2355,12.67,10.62,11.76
"JP1049",2004,1,-0.8051,11.34,9.36,10.48
"JP1050",2004,1,-0.5486,11.24,9.35,11.21
"JP1051",2004,1,-0.7931,11.87,8.75,10.61
"JP1052",2004,1,-1.8358,11.16,8.77,9.13
"JP1053",2004,0,1.2685,11.81,10.85,12.66
"JP1069",2004,1,-0.2888,11.41,9.65,11.19
"JP1070",2004,0,0.657,12.88,9.35,11.82
"JP1071",2004,1,-1.1363,11.41,8.61,10.61
"JP1072",2004,1,2.7192,13.26,11.24,13.57
"JP1073",2004,0,-0.6661,11.82,8.9,10.77
"JP1075",2004,0,0.3301,12.63,9.58,11.1
"JP1076",2004,1,2.3577,12.61,11.22,13.62
"JP1077",2004,0,-0.4783,11.55,9.17,11.2
"JP1078",2004,0,0.3373,12.1,9.94,11.34
"JP1079",2004,1,-1.2757,11.05,8.88,10.41
"JP1080",2004,1,3.1586,13.25,11.92,13.7
"JP1081",2004,0,0.3934,12.2,9.8,11.52
"JP1082",2004,0,3.0526,13.53,11.4,13.77
"JP1083",2004,0,2.9625,13.47,11.77,13.16
"JP1084",2004,1,3.1979,12.96,12.41,13.53
"JP1085",2004,1,-1.288,11.26,8.97,9.99
"JP1086",2004,0,-0.5999,11.55,9.44,10.57
"JP1087",2004,0,-2.914,10.48,8,8.56
"JP1088",2004,0,0.3993,11.57,10.12,11.94
"JP1089",2004,0,2.0519,13.24,11.08,12.28
"JP1090",2004,0,3.3338,13.89,11.57,13.72
"JP1091",2004,0,-0.8738,12.03,8.87,10.06
"JP1092",2004,0,-0.9124,11.74,8.84,10.39
"JP1093",2004,0,0.0319,13,9.3,10.3
"JP1094",2004,1,-0.1317,12.02,9.95,10.36
"JP1095",2004,1,-1.0704,11.19,9.36,10.07
"JP1096",2004,0,0.7336,12.55,10.16,11.37
"JP1097",2004,0,-1.3196,11.11,8.72,10.44
"JP1098",2004,1,-1.3659,11.36,8.81,9.89
"JP1099",2004,1,4.3189,13.52,12.9,14.72
"JP1199",2004,0,-1.8242,11.26,8.69,9.13
"JP1200",2004,1,-1.685,10.43,9.03,10.09
"JP1201",2004,0,0.0894,11.6,10.03,11.31
"JP1362",2004,0,2.2027,13.21,11.06,12.69
"JP1363",2004,0,3.5595,14.39,11.51,13.66
"JP1364",2004,0,0.6589,11.86,10.1,12.18
"JP1365",2004,0,2.0921,13.29,10.97,12.45
"JP1366",2004,0,3.0729,14.24,11.13,13.24
"JP1367",2004,0,3.4311,13.77,11.83,13.76
"JP1368",2004,0,-1.1884,11.58,9,9.76
"JP1370",2004,0,0.9472,13.15,10.04,11.23
"JP1371",2004,0,-2.1209,10.33,8.75,9.59
"JP1379",2004,1,0.2094,12.06,9.71,11.4
"JP1380",2004,0,-1.2292,11.36,9.08,9.85
"JP1381",2004,0,-0.9198,11.64,9.05,10.23
"JP1382",2004,0,-0.2795,11.81,9.71,10.61
"JP1383",2004,0,-1.7597,11.39,8.55,9.29
"JP1384/P554",2004,1,2.4801,13.27,11.34,12.88
"JP1385",2004,0,2.5469,13.3,11.22,13.15
"JP1386",2004,1,-1.5022,9.74,9.72,10.51
"JP1387",2004,0,-0.3604,12.14,9.36,10.45
"JP1388",2004,0,-1.9816,11,8.79,8.98
"JP1389",2004,0,0.201,11.26,10.62,11.24
"JP1390",2004,0,2.3114,13.08,11.35,12.73
"JP1394/P703",2004,1,-0.2328,11.7,9.81,10.73
"JP1395/P789",2004,1,-0.9395,11.03,9.19,10.8
"JP1418/P722",2004,1,1.1325,12.35,10.4,12.23
"JP1732/P797",2004,1,3.3958,13.63,12.2,13.38
"P565",2004,0,-0.3364,11.67,9.72,10.65
"P566",2004,1,-0.8167,11.46,8.33,11.64
"P577",2004,0,0.0579,11.79,10.16,10.82
"P582",2004,0,3.0955,13.72,11.3,13.75
"P589",2004,0,-1.6766,10.19,9.04,10.41
"P592",2004,0,-0.3348,11.47,9.54,11.15
"P681",2004,0,3.9809,13.44,12.48,14.6
"P694",2004,0,2.164,12.84,11.11,13.02
"P700/JP1034",2004,0,3.2081,12.88,12.37,13.71
"P731/JP1369",2004,0,1.9595,13.29,10.5,12.76
"P732",2004,1,-1.5623,10.41,9.15,10.24
"P790",2004,0,-1.2612,11.39,8.81,10.09
"P791",2004,1,-0.6725,11.98,8.23,11.42
"P794",2004,1,-0.9603,11.05,9.31,10.57
"P795",2004,0,-0.1192,11.43,9.72,11.46
"JP1010",2005,1,-0.8592,11.19,9.5,10.37
"JP1020",2005,1,-0.5713,11.45,9.23,11.04
"JP1021",2005,0,-0.0633,11.38,9.73,11.64
"JP1035",2005,0,0.4251,12.17,9.74,11.71
"JP1037",2005,0,1.5887,13.84,9.69,12.25
"JP1040",2005,1,-1.3767,10.7,9.1,10.35
"JP1045",2005,0,-1.3681,10.59,9.21,10.37
"JP1047",2005,0,3.0682,13.15,11.77,13.82
"JP1049",2005,1,-0.8051,11.34,9.36,10.48
"JP1050",2005,0,-0.5486,11.24,9.35,11.21
"JP1051",2005,0,-0.7931,11.87,8.75,10.61
"JP1052",2005,0,-1.8358,11.16,8.77,9.13
"JP1069",2005,0,-0.2888,11.41,9.65,11.19
"JP1072",2005,1,2.7192,13.26,11.24,13.57
"JP1076",2005,1,2.3577,12.61,11.22,13.62
"JP1079",2005,1,-1.2757,11.05,8.88,10.41
"JP1080",2005,0,3.1586,13.25,11.92,13.7
"JP1084",2005,1,3.1979,12.96,12.41,13.53
"JP1094",2005,1,-0.1317,12.02,9.95,10.36
"JP1099",2005,0,4.3189,13.52,12.9,14.72
"JP1200",2005,1,-1.685,10.43,9.03,10.09
"JP1379",2005,1,0.2094,12.06,9.71,11.4
"JP1384/P554",2005,0,2.4801,13.27,11.34,12.88
"JP1392",2005,1,0.5594,12.78,9.54,11.48
"JP1393",2005,0,-1.04,11.17,9.28,10.27
"JP1394/P703",2005,0,-0.2328,11.7,9.81,10.73
"JP1395/P789",2005,1,-0.9395,11.03,9.19,10.8
"JP1396",2005,1,-0.827,10.8,9.61,10.81
"JP1397",2005,0,2.6944,13.7,10.97,13.29
"JP1398",2005,1,2.1242,13.01,10.64,13.32
"JP1399",2005,1,-1.4647,10.68,9.15,10.11
"JP1400",2005,0,-0.9305,11.23,9.45,10.22
"JP1402",2005,1,-0.708,11.52,9.25,10.61
"JP1405",2005,0,0.1455,11.59,9.64,11.96
"JP1406",2005,0,2.3381,12.86,11.05,13.47
"JP1408",2005,0,-0.8442,11.17,9.37,10.6
"JP1409",2005,1,0.3268,11.94,9.99,11.46
"JP1410",2005,1,-1.0732,11.66,9.16,9.71
"JP1411",2005,0,-1.8399,10.27,8.62,10.48
"JP1412",2005,0,-0.1973,12.19,9.45,10.64
"JP1413",2005,1,-0.4123,12.08,9.36,10.41
"JP1414",2005,0,-1.445,11.09,8.62,10.31
"JP1416",2005,0,0.2545,12.11,9.67,11.49
"JP1417",2005,0,3.3307,13.69,11.88,13.57
"JP1418/P722",2005,1,1.1325,12.35,10.4,12.23
"JP1419",2005,0,-0.5685,11.54,9.39,10.72
"JP1420",2005,0,0.9723,12.4,10.1,12.19
"JP1421",2005,0,-0.5924,12.14,9.13,10.22
"JP1422",2005,0,1.5178,12.73,10.51,12.47
"JP1423",2005,0,-1.2523,11.61,8.49,10.24
"JP1424",2005,0,-0.5379,11.52,9.41,10.79
"JP1425",2005,1,-0.9987,10.77,9.14,11.07
"JP1426",2005,0,-1.5199,10.64,8.94,10.31
"JP1427",2005,0,1.9738,12.56,11.05,13.03
"JP1428",2005,0,-0.1295,11.68,9.39,11.54
"JP1430",2005,0,-1.0775,11.52,8.71,10.47
"JP1431",2005,1,-1.4729,10.38,9.03,10.64
"JP1432",2005,0,-1.3443,11.11,9.06,9.94
"JP1433",2005,0,0.2273,11.71,10.1,11.39
"JP1434",2005,1,-0.0859,11.82,9.97,10.7
"JP1435",2005,1,-1.9445,11.39,8.28,9.22
"JP1436",2005,0,-0.5436,11.78,9.17,10.75
"JP1437",2005,0,-1.2479,10.81,8.74,10.97
"JP1438",2005,1,-1.4151,11.54,8.39,10.09
"JP1439",2005,0,-1.6779,10.34,8.78,10.55
"JP1440",2005,0,-0.3312,12.18,9.21,10.66
"JP1442",2005,1,-0.1184,11.98,9.63,10.86
"JP1443",2005,0,1.686,12.98,10.6,12.41
"JP1444",2005,0,0.8469,12.61,9.8,12.02
"JP1445",2005,0,-2.2304,10.4,8.58,9.47
"JP1446",2005,0,-0.5873,11.21,9.55,10.9
"JP1447",2005,1,-1.0259,11.06,9.07,10.72
"JP1448",2005,0,0.7035,12.68,9.54,11.94
"JP1449",2005,0,-2.3422,10.69,8.17,9.37
"JP1450",2005,0,-0.1777,11.64,9.66,11.13
"JP1451",2005,0,-0.7759,10.23,10.11,11.02
"JP1452",2005,0,1.8437,12.09,11.6,12.63
"JP1453",2005,0,-1.3271,10.78,9.26,10.15
"JP1454",2005,0,0.39,12,10.01,11.5
"JP1455",2005,1,1.3326,11.9,10.78,12.78
"JP1456",2005,0,-1.2283,10.96,8.9,10.61
"JP1457",2005,0,2.7161,12.81,11.54,13.76
"JP1458",2005,1,2.8069,12.95,11.85,13.38
"JP1459",2005,0,1.9428,13.21,10.62,12.67
"JP1460",2005,0,-1.5284,11.1,8.51,10.25
"JP1461",2005,0,0.8085,12.39,10.03,11.92
"JP1462",2005,1,-1.1991,11,8.98,10.52
"JP1463",2005,0,-0.2461,11.17,9.95,11.21
"JP1464",2005,0,-0.4344,12.17,9.07,10.62
"JP1465",2005,1,-1.4984,11.06,8.71,10.11
"JP1466",2005,0,-0.05,12.04,9.82,10.69
"JP1467",2005,0,1.0173,12.07,10.64,12.02
"JP1469",2005,0,-0.8787,11.51,9.03,10.52
"JP1470",2005,0,2.7491,13.13,11.53,13.43
"JP1472",2005,0,-1.2278,11.43,9.02,9.84
"JP1473",2005,0,-0.8676,11.41,9.05,10.65
"JP1474",2005,0,-0.606,11.68,9.23,10.66
"JP1475",2005,0,-1.9728,10.47,8.57,9.98
"JP1476",2005,0,0.7171,12.13,10.1,11.96
"JP1477",2005,0,-1.5426,10.87,8.8,10.14
"JP1478",2005,1,0.2782,12.18,10.04,10.97
"JP1479",2005,0,3.7215,13.05,12.57,14.4
"JP1480",2005,0,-1.2974,11.43,8.99,9.72
"JP1481",2005,0,0.3594,12.24,9.8,11.39
"JP1482",2005,0,-0.7248,11.74,9,10.61
"JP1483",2005,0,-1.5159,10.66,9.18,9.98
"JP1484",2005,0,4.7085,14.62,12.61,14.55
"JP1485",2005,0,-0.8191,11.51,9.05,10.63
"JP1495",2005,0,-0.7413,11.67,9.21,10.39
"JP1496",2005,0,1.9541,12.76,10.93,12.88
"JP1497",2005,0,-1.3965,10.31,9.28,10.58
"JP1501",2005,0,-0.7024,11.08,9.54,10.82
"JP1502",2005,0,-1.386,10.73,9.46,9.82
"JP1503",2005,0,-0.5346,11.06,9.67,11.06
"JP1504/P568",2005,1,0.1182,11.65,10.13,11.18
"JP1510",2005,0,-2.0974,10.15,8.78,9.84
"JP1529",2005,1,-0.9091,11.06,9.29,10.7
"JP1530",2005,0,-0.9816,10.61,9.2,11.24
"JP1531",2005,0,-0.7581,11.9,8.72,10.69
"JP1535",2005,0,-1.6628,11.05,9.03,9.33
"JP1714",2005,1,-1.3279,10.8,9.07,10.37
"JP1717",2005,1,2.4004,13.06,11.02,13.39
"JP1718",2005,0,2.6944,12.95,11.63,13.41
"JP1719",2005,0,1.5892,12.61,10.74,12.49
"JP1720",2005,0,-1.1524,11.6,8.79,10.09
"JP1721",2005,0,-0.532,11.25,9.76,10.7
"JP1722",2005,0,1.2764,12.04,10.71,12.56
"JP1723",2005,0,2.6098,12.85,11.72,13.23
"JP1724",2005,0,4.8941,14.4,12.78,15.04
"JP1725",2005,0,-1.7862,10.3,8.96,10.12
"JP1726",2005,1,-0.2587,11.54,9.58,11.18
"JP1727",2005,0,-0.7322,11.28,9.64,10.36
"JP1728",2005,0,-2.7059,10.02,8.22,9.35
"JP1729",2005,1,-0.0444,11.84,9.9,10.86
"JP1730",2005,0,-1.6629,10.6,8.86,10.14
"JP1731",2005,1,2.5723,12.84,11.35,13.64
"JP1732/P797",2005,0,3.3958,13.63,12.2,13.38
"JP1733",2005,0,-0.7232,11.14,9.52,10.72
"JP1736",2005,0,-0.6433,11.9,9.22,10.3
"JP1737",2005,0,0.8564,12.09,10.66,11.6
"JP1738",2005,0,-0.5928,11.71,9.2,10.69
"JP1739",2005,1,0.4676,12.61,9.68,11.31
"JP1740",2005,1,2.9831,14.01,11.28,13.14
"JP1741",2005,1,-2.0805,10.99,8.09,9.68
"JP1742",2005,0,0.0578,12.24,9.31,11.34
"JP1743",2005,0,-1.5021,10.98,8.73,10.18
"JP1744",2005,0,-1.7766,11.16,8.36,9.8
"JP1745",2005,1,-1.3056,11.83,8.36,10
"JP1746",2005,0,1.3265,12.7,10.55,12.02
"JP1747",2005,1,-1.1305,11.64,8.98,9.84
"JP1748",2005,0,0.2463,11.53,10.03,11.76
"JP1749",2005,1,1.5986,13.06,10.52,12.21
"JP1750",2005,1,3.0151,13.34,11.77,13.45
"JP1752",2005,0,-1.2372,11.14,8.98,10.25
"JP1753",2005,0,0.1652,10.88,10.21,12.19
"JP1754",2005,0,3.2669,13.66,11.76,13.62
"JP1755",2005,0,0.2599,11.87,9.69,11.79
"JP1756",2005,0,1.7938,13.16,10.57,12.46
"JP1757",2005,0,-0.8646,11.04,9.25,10.88
"JP1762",2005,0,-0.3826,11.83,9.54,10.57
"JP1763",2005,0,3.6404,13.88,11.68,14.29
"JP1764",2005,0,-0.5397,11.46,9.26,11.06
"JP1765",2005,0,-2.3112,10.67,8.16,9.48
"JP1766",2005,0,-1.2213,11.32,8.72,10.39
"JP1767",2005,0,-0.8292,12.31,8.56,10.2
"JP1768",2005,0,2.5818,13.08,11.31,13.4
"JP1774",2005,0,2.0861,12.95,11.17,12.62
"JP1775",2005,0,0.1249,12.07,9.69,11.22
"JP1777",2005,0,3.1774,13.13,11.69,14.2
"JP1778",2005,0,-0.8678,11.58,9.14,10.31
"JP1779",2005,0,3.0974,12.81,12.07,13.94
"JP1780",2005,0,-0.344,11.14,9.87,11.13
"JP1781",2005,0,0.8739,10.84,11.3,12.44
"JP1782",2005,0,0.0449,11.08,10.09,11.81
"JP1783",2005,0,0.7934,12.9,9.73,11.61
"JP1784",2005,1,-1.2489,10.83,9.14,10.42
"JP1785",2005,0,4.44,13.65,12.79,14.97
"JP1786",2005,0,-0.5654,12,9.08,10.53
"P560",2005,0,4.0363,15.43,11.64,13.22
"P566",2005,0,-0.8167,11.46,8.33,11.64
"P586",2005,1,-0.5573,10.6,10.03,11.14
"P684",2005,1,-0.5779,11.26,9.8,10.53
"P687",2005,1,1.8456,12.82,11.04,12.41
"P791",2005,0,-0.6725,11.98,8.23,11.42
"P794",2005,0,-0.9603,11.05,9.31,10.57
"#003",2006,0,-0.7805,11.28,9.08,10.98
"JP1010",2006,1,-0.8592,11.19,9.5,10.37
"JP1020",2006,1,-0.5713,11.45,9.23,11.04
"JP1022",2006,1,0.2009,12.15,9.49,11.55
"JP1027",2006,0,1.5818,13.01,10.28,12.55
"JP1040",2006,1,-1.3767,10.7,9.1,10.35
"JP1049",2006,1,-0.8051,11.34,9.36,10.48
"JP1071",2006,0,-1.1363,11.41,8.61,10.61
"JP1072",2006,1,2.7192,13.26,11.24,13.57
"JP1076",2006,1,2.3577,12.61,11.22,13.62
"JP1079",2006,0,-1.2757,11.05,8.88,10.41
"JP1084",2006,0,3.1979,12.96,12.41,13.53
"JP1085",2006,1,-1.288,11.26,8.97,9.99
"JP1094",2006,1,-0.1317,12.02,9.95,10.36
"JP1095",2006,1,-1.0704,11.19,9.36,10.07
"JP1200",2006,1,-1.685,10.43,9.03,10.09
"JP1379",2006,0,0.2094,12.06,9.71,11.4
"JP1386",2006,1,-1.5022,9.74,9.72,10.51
"JP1392",2006,0,0.5594,12.78,9.54,11.48
"JP1395/P789",2006,1,-0.9395,11.03,9.19,10.8
"JP1396",2006,1,-0.827,10.8,9.61,10.81
"JP1398",2006,0,2.1242,13.01,10.64,13.32
"JP1399",2006,0,-1.4647,10.68,9.15,10.11
"JP1402",2006,0,-0.708,11.52,9.25,10.61
"JP1418/P722",2006,0,1.1325,12.35,10.4,12.23
"JP1425",2006,1,-0.9987,10.77,9.14,11.07
"JP1431",2006,1,-1.4729,10.38,9.03,10.64
"JP1434",2006,1,-0.0859,11.82,9.97,10.7
"JP1442",2006,1,-0.1184,11.98,9.63,10.86
"JP1447",2006,1,-1.0259,11.06,9.07,10.72
"JP1455",2006,0,1.3326,11.9,10.78,12.78
"JP1462",2006,0,-1.1991,11,8.98,10.52
"JP1465",2006,1,-1.4984,11.06,8.71,10.11
"JP1529",2006,0,-0.9091,11.06,9.29,10.7
"JP1717",2006,0,2.4004,13.06,11.02,13.39
"JP1726",2006,1,-0.2587,11.54,9.58,11.18
"JP1731",2006,1,2.5723,12.84,11.35,13.64
"JP1739",2006,1,0.4676,12.61,9.68,11.31
"JP1740",2006,1,2.9831,14.01,11.28,13.14
"JP1741",2006,0,-2.0805,10.99,8.09,9.68
"JP1745",2006,0,-1.3056,11.83,8.36,10
"JP1747",2006,0,-1.1305,11.64,8.98,9.84
"JP1750",2006,0,3.0151,13.34,11.77,13.45
"JP2300",2006,0,1.2914,12.52,10.14,12.71
"JP2301",2006,0,-1.5031,10.71,9.16,9.97
"JP2302",2006,0,-1.1885,10.83,9.1,10.61
"JP2303",2006,0,0.89,11.78,10.7,12.03
"JP2304",2006,0,-1.5381,10.2,9.38,10.27
"JP2305",2006,0,0.322,11.56,10.01,11.92
"JP2306",2006,0,-0.8182,11.27,9.07,10.92
"JP2307",2006,0,-1.6531,10.1,9.11,10.49
"JP2308",2006,0,-1.2846,10.57,9.2,10.6
"JP2309",2006,0,0.1657,11.97,9.67,11.47
"JP2310",2006,0,-0.9592,10.73,9.51,10.73
"JP2311",2006,0,1.5804,12.59,10.3,13.07
"JP2312",2006,0,-0.2596,11.86,9.48,10.89
"JP2314",2006,0,0.0602,11.54,9.97,11.4
"JP2315",2006,0,1.4866,12.34,10.67,12.7
"JP2316",2006,0,4.0457,13.78,12.59,14.16
"JP2317",2006,0,-0.4204,11.23,9.6,11.19
"JP2318",2006,0,-2.6105,9.67,8.6,9.53
"JP2319",2006,0,-1.4854,10.78,8.86,10.31
"JP2320",2006,1,-1.3607,9.95,8.96,11.55
"JP2321",2006,0,0.4846,11.59,10.05,12.2
"JP2322",2006,0,-0.5758,11.23,9.55,10.9
"JP2323",2006,0,2.2489,13.02,11.04,13.07
"JP2324",2006,0,0.7569,11.57,10.34,12.47
"JP2325",2006,0,-1.5481,10.35,9.12,10.39
"JP2326",2006,0,-1.5007,10.51,9.15,10.25
"JP2327",2006,0,-2.1028,10.5,8.32,9.97
"JP2328",2006,0,0.2671,11.61,10.04,11.69
"JP2329",2006,0,-1.0457,10.64,9.51,10.65
"JP2330",2006,0,1.1774,11.74,10.5,13
"JP2331",2006,0,0.5399,11.67,10.22,12
"JP2332",2006,0,4.2836,13.69,12.43,15.03
"JP2333",2006,0,0.8158,11.95,10.07,12.46
"JP2334",2006,0,-0.5385,11.14,9.33,11.39
"JP2335",2006,0,0.7255,11.75,10.58,11.85
"JP2336",2006,0,-0.6534,10.99,9.44,11.18
"JP2337",2006,0,0.6393,12.4,9.9,11.69
"JP2338",2006,0,2.9138,13.17,11.74,13.48
"JP2339",2006,0,-0.5517,10.81,9.86,11.1
"JP2340",2006,1,-1.2361,11.03,9.268431,10.02
"JP2342",2006,0,-0.7418,11.29,9.36,10.69
"JP2344",2006,0,4.5472,13.87,12.42,15.41
"JP2345",2006,0,-1.6707,10.18,9.16,10.28
"JP2346",2006,0,-0.1583,11.26,9.73,11.58
"JP2347",2006,0,0.4239,11.48,10.33,11.84
"JP2348",2006,0,-0.199,11.29,9.46,11.8
"JP2349",2006,0,-0.6635,11.51,9.43,10.49
"JP2350",2006,0,0.2407,12.27,9.7,11.21
"JP2351",2006,0,-0.6424,11.24,9.27,11.1
"JP2352",2006,0,-1.2335,10.91,9.24,10.22
"JP2353",2006,0,-1.0721,10.85,9.1,10.85
"JP2354",2006,1,3.8442,13.64,12.04,14.6
"JP2355",2006,0,0.0787,12.32,9.09,11.57
"JP2356",2006,0,-1.2685,10.9,9.02,10.44
"JP2357",2006,1,-0.2448,10.79,10.18,11.41
"JP2358",2006,0,-0.2116,11.34,9.84,11.21
"JP2359",2006,0,0.6364,11.82,10.3,11.92
"JP2360",2006,0,-1.3301,10.35,9.41,10.51
"JP2361",2006,0,-1.2011,10.93,8.74,10.92
"JP2362",2006,0,1.5904,12.56,11.03,12.18
"JP2363",2006,1,-0.956,10.33,9.61,11.13
"JP2364",2006,0,-0.0364,11.43,9.75,11.61
"JP2365",2006,0,2.8007,13.01,11.48,13.77
"JP2366",2006,0,-0.633,11.29,9.06,11.33
"JP2367",2006,0,-1.2204,11.03,9.25,10.08
"JP2368",2006,0,-1.5188,10.26,9.07,10.64
"JP2369",2006,0,0.6679,12.13,10.42,11.43
"JP2370",2006,0,-1.2057,10.93,9.33,10.14
"JP2372",2006,0,0.5266,12.57,9.9,11.21
"JP2373",2006,0,-0.8743,11.38,9.03,10.7
"JP2374",2006,0,0.0111,11.4,9.94,11.51
"JP2375",2006,0,-0.3899,11.47,9.75,10.75
"JP2376",2006,0,-0.471,11.22,9.69,10.97
"JP2377",2006,0,0.7214,11.94,10.39,11.84
"JP2378",2006,0,1.5779,12.23,10.81,12.87
"JP2379",2006,0,-1.4178,10.56,8.9,10.7
"JP2380",2006,0,-1.4835,10.92,8.7,10.34
"JP2381",2006,1,1.1448,11.71,10.91,12.43
"JP2382",2006,0,-1.3558,10.3,9.3,10.66
"JP2383",2006,1,-1.2706,10.57,9.24,10.58
"JP2384",2006,0,0.9206,11.87,10.28,12.53
"JP2385",2006,0,-0.8714,10.91,9.33,10.93
"JP2386",2006,0,1.7492,11.85,11.33,13.08
"JP2387",2006,0,-0.669,10.99,9.52,11.04
"JP2388",2006,0,-1.2411,10.53,9.14,10.83
"JP2389",2006,0,1.4709,12.05,10.78,12.9
"JP2391",2006,0,-0.6441,11.25,9.51,10.77
"JP2392",2006,0,-1.0654,11.22,9.4,9.99
"JP2393",2006,0,-0.7656,11.55,9.28,10.4
"JP2394",2006,0,-0.7796,10.48,9.83,11.05
"JP2395",2006,0,1.5868,12.81,10.75,12.21
"JP2396",2006,0,-0.718,11.33,9.4,10.64
"JP2397",2006,1,-0.4662,11.63,9.41,10.81
"JP2398",2006,0,0.0912,12.18,9.72,10.96
"JP2399",2006,0,2.566,12.95,11.29,13.56
"JP2400",2006,0,-1.6037,10.6,8.68,10.51
"JP2401",2006,0,-2.4406,11.17,7.34,9.6
"JP2402",2006,0,0.6632,11.65,10.64,11.76
"JP2404",2006,0,-0.9728,10.57,9.34,11.13
"JP2405",2006,0,0.71,12.3,9.94,11.93
"JP2406",2006,0,-2.0495,10.21,8.52,10.21
"JP2407",2006,1,2.914,13.36,11.55,13.48
"JP2408",2006,0,0.6104,11.62,10.57,11.77
"JP2409",2006,1,2.4068,13.03,11.23,13.17
"JP2410",2006,0,-0.8445,11.36,9.11,10.69
"JP2411",2006,0,-0.6384,11.08,9.33,11.24
"JP2412",2006,0,2.2786,12.91,11.44,12.76
"JP2413",2006,0,-2.1749,10.72,8.18,9.7
"JP2414",2006,0,0.3495,11.57,10.14,11.8
"JP2416",2006,1,-0.8765,11.1,9.33,10.67
"JP2417",2006,1,-1.6327,10.55,8.94,10.17
"JP2418",2006,0,1.4545,12.64,10.75,12.13
"JP2419",2006,0,-1.7574,10.6,8.84,9.95
"JP2420",2006,1,-1.216,11.45,8.99,9.88
"JP2421",2006,0,-0.6558,11.31,9.46,10.73
"JP2422",2006,1,1.0068,12.27,10.26,12.23
"JP2424",2006,0,0.5434,11.48,10.8,11.5
"JP2425",2006,0,0.7431,11.42,10.75,12.1
"JP2426",2006,0,-1.4388,10.67,9.19,10.13
"JP2428",2006,0,-1.3498,10.53,9.08,10.66
"JP2429",2006,0,-1.1866,11.22,9.18,10
"JP2430",2006,0,-0.6597,11.11,9.37,11.1
"JP2431",2006,0,-0.087,11.47,9.56,11.69
"JP2432",2006,0,2.3762,12.75,11.25,13.44
"JP2437",2006,0,-0.3058,10.6,9.98,11.78
"JP2438",2006,0,3.3138,12.94,12.15,14.16
"JP2439",2006,0,-0.443,11.5,9.19,11.32
"JP2441",2006,1,-0.7205,11.2,9.25,11
"JP2442",2006,0,-0.0801,11.89,9.45,11.3
"JP2457",2006,0,0.3724,12.05,9.86,11.59
"JP2458",2006,0,0.5808,11.89,9.68,12.51
"JP2459",2006,0,-1.4969,10.61,8.88,10.48
"JP2460",2006,0,-0.1483,12.13,9.32,11
"JP2461",2006,0,0.3735,11.99,10.06,11.41
"JP2462",2006,0,-1.5144,12.06,8.17,9.47
"JP2480",2006,0,0.9931,12.07,10.82,11.73
"JP2481",2006,0,-1.6661,10.57,9.03,9.95
"JP2482",2006,0,-1.2255,10.93,9.05,10.46
"JP2483",2006,0,-2.8657,9.89,8.17,9.22
"JP2484",2006,0,-1.8937,10.35,8.76,10.07
"JP2485",2006,0,-1.0682,11.37,9.03,10.27
"JP2486",2006,1,0.0483,12.4,9.8,10.47
"JP2491",2006,0,-1.1489,10.58,9.42,10.61
"JP2492",2006,0,3.2022,12.99,11.82,14.27
"JP2493",2006,0,-0.4781,11.92,9.29,10.56
"JP2494",2006,0,-0.9792,11.08,9.4,10.37
"JP2495",2006,0,-0.9414,11.35,9.05,10.56
"JP2496",2006,0,2.3609,12.56,11.59,13.21
"JP2497",2006,0,-0.4731,12.34,9.1,10.27
"JP2499",2006,0,1.5014,12.31,10.68,12.76
"JP2500",2006,0,0.5778,11.94,10.1,11.89
"JP2501",2006,0,1.5014,12.48,10.87,12.29
"JP2502",2006,0,1.4675,12.28,10.85,12.5
"JP2516",2006,1,-0.1068,11.83,9.54,11.2
"JP2518",2006,0,0.9457,12.05,10.55,12
"JP2519",2006,0,-0.7798,10.74,9.5,11.14
"JP2520",2006,0,-0.9858,10.64,9.5,10.8
"JP2521",2006,0,2.5053,12.84,11.34,13.5
"JP2522",2006,0,0.9083,11.66,10.4,12.62
"JP2523",2006,0,-1.8922,10.69,8.46,10.02
"JP2524",2006,0,1.2857,12.15,10.57,12.62
"JP2526",2006,0,0.1136,11.53,9.79,11.77
"JP2527",2006,0,-1.5035,10.93,8.54,10.49
"JP2528",2006,0,3.9655,13.46,12.18,14.93
"JP2529",2006,0,-3.2616,9.72,7.67,9.19
"JP2530",2006,0,0.8134,11.89,10.77,11.62
"JP2531",2006,0,2.8332,13.12,11.81,13.27
"JP2532",2006,0,2.3684,12.92,11.25,13.2
"JP2533",2006,0,-0.2467,11.19,9.86,11.3
"JP2534",2006,0,2.0825,13.12,11.07,12.52
"JP2535",2006,0,-1.255,10.79,9.43,10.08
"JP2536",2006,0,0.7969,12.38,9.92,12.05
"JP2537",2006,0,0.2268,10.86,10.66,11.77
"JP2538",2006,0,-1.5919,10.87,8.89,9.91
"JP2539",2006,0,1.575,12.81,10.76,12.17
"JP2540",2006,0,0.041,11.82,9.74,11.29
"JP2541",2006,0,4.0916,13.66,12.53,14.5
"JP2551",2006,0,0.0144,12.38,9.27,11.11
"JP2552",2006,0,-1.0033,10.74,9.53,10.59
"JP2553",2006,0,0.472,11.95,10.38,11.27
"JP2554",2006,0,-1.3827,11.06,8.79,10.27
"JP2555",2006,0,1.0186,11.78,10.68,12.35
"JP2557",2006,0,-1.5573,11.19,8.53,10.04
"JP2572",2006,0,-1.1312,10.77,9.23,10.65
"JP2573",2006,0,-1.0835,11.49,8.86,10.3
"JP2597",2006,1,0.9182,12.31,10.31,11.91
"P563",2006,0,-0.5834,11.25,9.44,11
"P586",2006,0,-0.5573,10.6,10.03,11.14
"P684",2006,0,-0.5779,11.26,9.8,10.53
"P732",2006,0,-1.5623,10.41,9.15,10.24
"JP1010",2007,0,-0.8592,11.19,9.5,10.37
"JP1020",2007,0,-0.5713,11.45,9.23,11.04
"JP1040",2007,0,-1.3767,10.7,9.1,10.35
"JP1072",2007,0,2.7192,13.26,11.24,13.57
"JP1085",2007,0,-1.288,11.26,8.97,9.99
"JP1094",2007,1,-0.1317,12.02,9.95,10.36
"JP1200",2007,1,-1.685,10.43,9.03,10.09
"JP1386",2007,1,-1.5022,9.74,9.72,10.51
"JP1395/P789",2007,1,-0.9395,11.03,9.19,10.8
"JP1413",2007,0,-0.4123,12.08,9.36,10.41
"JP1431",2007,1,-1.4729,10.38,9.03,10.64
"JP1434",2007,1,-0.0859,11.82,9.97,10.7
"JP1447",2007,1,-1.0259,11.06,9.07,10.72
"JP1458",2007,1,2.8069,12.95,11.85,13.38
"JP1465",2007,1,-1.4984,11.06,8.71,10.11
"JP1729",2007,1,-0.0444,11.84,9.9,10.86
"JP1731",2007,0,2.5723,12.84,11.35,13.64
"JP1739",2007,0,0.4676,12.61,9.68,11.31
"JP2354",2007,0,3.8442,13.64,12.04,14.6
"JP2357",2007,0,-0.2448,10.79,10.18,11.41
"JP2381",2007,0,1.1448,11.71,10.91,12.43
"JP2407",2007,1,2.914,13.36,11.55,13.48
"JP2581",2007,0,0.398,11.73,9.85,12.08
"JP2597",2007,0,0.9182,12.31,10.31,11.91
"JP3022",2007,1,-0.5006,11.52,9.46,10.81
"JP3023",2007,0,-1.8087,10.79,8.69,9.78
"JP3024",2007,0,3.7754,14,11.85,14.22
"JP3025",2007,0,-1.2096,10.85,9.25,10.34
"JP3026",2007,0,-0.7247,11.28,9.4,10.69
"JP3028",2007,1,0.4718,11.81,10.06,11.87
"JP3029",2007,1,-0.5307,11.36,9.33,11.12
"JP3030",2007,0,-0.0521,11.92,9.63,11.09
"JP3031",2007,0,0.0072,12.23,9.4,11.12
"JP3033",2007,1,2.695,13.18,11.27,13.58
"JP3034",2007,0,-0.1673,11.58,9.7,11.18
"JP3036",2007,0,-0.5761,11.43,9.28,10.99
"JP3037",2007,0,-1.0235,10.89,9.49,10.4
"JP3039",2007,0,-0.902,11.43,9.1,10.48
"JP3040",2007,0,-0.9111,11.45,9.11,10.42
"JP3041",2007,0,-0.7746,10.91,9.63,10.76
"JP3042",2007,1,0.1421,10.6,10.32,12.36
"JP3043",2007,0,-1.5825,10.66,8.68,10.48
"JP3044",2007,1,1.7635,12.5,11.01,12.68
"JP3045",2007,1,0.2225,11.81,9.7,11.77
"JP3046",2007,0,3.2648,13.26,11.82,14.06
"JP3047",2007,0,-0.934,11.43,9.09,10.42
"JP3048",2007,1,3.4676,13.65,12.16,13.57
"JP3049",2007,0,-1.7224,10.46,8.85,10.2
"JP3050",2007,0,0.8687,12.32,10.29,11.81
"JP3051",2007,0,4.5701,14.51,11.78,15.46
"JP3052",2007,1,1.7216,12.49,11.1,12.48
"JP3053",2007,0,-1.4131,12.5,7.5,10
"JP3054",2007,0,0.6163,12.13,10.23,11.56
"JP3056",2007,0,4.0089,13.31,12.46,14.86
"JP3057",2007,1,-0.8024,10.86,9.34,11.14
"JP3155",2007,0,4.1338,13.8,12.18,14.87
"JP3156",2007,0,-0.1905,11.99,9.21,11.23
"JP3157",2007,0,-0.436,11.58,9.26,11.14
"JP3158",2007,0,-0.5095,11.92,9.12,10.71
"JP3159",2007,0,-0.6808,10.99,9.53,11
"JP3161",2007,0,-0.0981,11.15,9.8,11.77
"JP1022",2008,1,0.2009,12.15,9.49,11.55
"JP1049",2008,1,-0.8051,11.34,9.36,10.48
"JP1094",2008,0,-0.1317,12.02,9.95,10.36
"JP1098",2008,0,-1.3659,11.36,8.81,9.89
"JP1395/P789",2008,1,-0.9395,11.03,9.19,10.8
"JP1396",2008,1,-0.827,10.8,9.61,10.81
"JP1409",2008,0,0.3268,11.94,9.99,11.46
"JP1410",2008,1,-1.0732,11.66,9.16,9.71
"JP1425",2008,0,-0.9987,10.77,9.14,11.07
"JP1431",2008,1,-1.4729,10.38,9.03,10.64
"JP1434",2008,1,-0.0859,11.82,9.97,10.7
"JP1435",2008,0,-1.9445,11.39,8.28,9.22
"JP1438",2008,1,-1.4151,11.54,8.39,10.09
"JP1442",2008,0,-0.1184,11.98,9.63,10.86
"JP1447",2008,0,-1.0259,11.06,9.07,10.72
"JP1458",2008,0,2.8069,12.95,11.85,13.38
"JP1478",2008,0,0.2782,12.18,10.04,10.97
"JP1504/P568",2008,1,0.1182,11.65,10.13,11.18
"JP1726",2008,1,-0.2587,11.54,9.58,11.18
"JP1729",2008,1,-0.0444,11.84,9.9,10.86
"JP1740",2008,0,2.9831,14.01,11.28,13.14
"JP1784",2008,0,-1.2489,10.83,9.14,10.42
"JP2340",2008,1,-1.2361,11.03,9.268431,10.02
"JP2397",2008,1,-0.4662,11.63,9.41,10.81
"JP2407",2008,0,2.914,13.36,11.55,13.48
"JP2409",2008,0,2.4068,13.03,11.23,13.17
"JP2416",2008,1,-0.8765,11.1,9.33,10.67
"JP2422",2008,0,1.0068,12.27,10.26,12.23
"JP2441",2008,1,-0.7205,11.2,9.25,11
"JP2516",2008,0,-0.1068,11.83,9.54,11.2
"JP3022",2008,1,-0.5006,11.52,9.46,10.81
"JP3028",2008,0,0.4718,11.81,10.06,11.87
"JP3029",2008,0,-0.5307,11.36,9.33,11.12
"JP3042",2008,1,0.1421,10.6,10.32,12.36
"JP3044",2008,0,1.7635,12.5,11.01,12.68
"JP3045",2008,1,0.2225,11.81,9.7,11.77
"JP3048",2008,1,3.4676,13.65,12.16,13.57
"JP3057",2008,0,-0.8024,10.86,9.34,11.14
"SH031_L",2008,1,2.3687,12.75,11.72,12.81
"SH040_L",2008,0,0.5484,11.87,9.95,12.11
"SH042_L",2008,0,-1.1622,10.87,9.06,10.67
"SH043_L",2008,0,-0.099,11.1,10.14,11.39
"SH044_L",2008,0,-0.4291,11.34,9.85,10.7
"SH056_L",2008,1,-3.1564,9.8,8.28,8.53
"SH057_L",2008,1,0.3119,12.04,10.04,11.23
"SH058_L",2008,0,0.1523,11.57,10.27,11.18
"SH059_L",2008,1,2.8351,13.6,11.24,13.39
"SH060_L",2008,0,-0.6753,11.35,9.47,10.62
"SH061_L",2008,1,-1.4474,11.04,8.85,10.07
"SH062_L",2008,0,3.1537,12.64,12.27,14.03
"SH063_L",2008,0,-2.2023,10.9,8.22,9.35
"SH064_L",2008,0,-0.904,10.84,9.32,10.96
"SH065_L",2008,0,-1.1188,10.39,9.74,10.51
"SH066_L",2008,0,0.0297,11.39,10.09,11.37
"SH067_L",2008,0,0.5899,11.49,10.58,11.88
"SH068_L",2008,0,-1.4434,10.81,8.85,10.38
"SH069_L",2008,0,-1.7927,10.32,8.99,10.04
"SH070_L",2008,0,-1.4105,10.61,9.2,10.26
"SH071_L",2008,0,-1.6907,10.33,8.99,10.26
"SH072_L",2008,0,-0.5875,11.67,9.28,10.65
"SH073_L",2008,0,0.6268,11.63,10.42,11.99
"SH074_L",2008,1,-0.9727,10.88,9.52,10.49
"SH075_L",2008,0,0.6593,12.02,10.27,11.75
"SH076_L",2008,0,2.1849,12.46,11.06,13.63
"SH077_L",2008,0,-1.3596,10.46,9.11,10.69
"SH078_L",2008,1,-1.2603,10.95,9.13,10.25
"SH079_L",2008,0,-2.0075,10.22,8.76,9.98
"SH080_L",2008,0,1.1374,11.44,10.93,12.74
"SH081_L",2008,1,-0.6562,11.79,9.53,10.01
"SH082_L",2008,1,-0.5943,11.31,9.79,10.44
"SH083_L",2008,0,-0.9716,10.85,9.46,10.61
"SH084_L",2008,0,-1.3592,10.61,9.29,10.26
"SH085_L",2008,0,-1.5934,11.76,8.34,9.46
"SH086_L",2008,0,0.4005,11.62,10.21,11.76
"SH087_L",2008,1,-1.0212,11.54,9.31,9.79
"SH088_L",2008,0,-0.4166,11.81,9.37,10.74
"SH089_L",2008,0,-0.7111,10.95,9.54,10.97
"SH090_L",2008,0,0.1142,10.77,10.53,11.8
"SH092_L",2008,0,-0.7606,10.94,9.54,10.87
"SH099_L",2008,1,-2.4658,9.46,9.11,9.47
"SH100_L",2008,1,-1.1777,11.11,9.03,10.36
"SH101_L",2008,1,1.8265,12.64,11.44,12.08
"SH102_L",2008,0,-0.6412,11.26,9.62,10.62
"SH103_L",2008,0,-2.491,9.94,8.6,9.45
"SH104_L",2008,0,1.2753,12.03,11.04,12.14
"SH105_L",2008,0,-0.1895,11.23,9.69,11.6
"SH106_L",2008,1,-0.4137,11.76,9.41,10.76
"SH107_L",2008,0,2.2979,12.71,11.36,13.17
"SH108_L",2008,0,0.2911,11.46,10.24,11.68
"SH109_L",2008,0,3.3434,13.17,12.14,13.94
"SH110_L",2008,0,-1.3873,11.11,8.77,10.22
"SH111_L",2008,1,-1.2109,10.51,9.42,10.56
"SH112_L",2008,0,-0.3174,11.64,9.63,10.85
"SH113_L",2008,0,-0.9508,10.61,9.76,10.58
"SH116_L",2008,0,-0.8447,11.06,9.28,10.86
"SH117_L",2008,0,-0.979,11.09,9.26,10.54
"SH118_L",2008,0,1.2808,11.41,10.92,13.12
"SH119_L",2008,0,-1.7915,9.98,9.31,10.07
"SH120_L",2008,1,-3.3574,9.42,8.01,8.92
"SH121_L",2008,0,-0.4822,11.1,9.53,11.31
"SH122_L",2008,1,0.4354,11.68,10.28,11.67
"SH123_L",2008,0,-0.0578,11.15,10.07,11.51
"SH124_L",2008,0,1.0144,11.74,10.59,12.51
"SH125_L",2008,0,-1.423,10.44,8.95,10.78
"SH126_L",2008,0,-1.1322,10.99,9,10.66
"SH127_L",2008,0,3.5908,13.58,12.17,13.93
"SH128_L",2008,0,1.3107,12.85,10.28,12.14
"SH163_L",2008,0,-1.5777,11.08,8.62,10.02
"SH164_L",2008,0,3.1044,13.89,11.26,13.6
"SH165_L",2008,0,-1.4668,11.15,8.56,10.26
"SH166_L",2008,0,2.8828,13.18,11.76,13.37
"SH172_L",2008,1,-1.4379,11.03,8.8,10.17
"SH173_L",2008,0,-0.715,11.19,9.4,10.83
"SH206_L",2008,0,-0.6232,11.61,9.04,10.96
"SH207_L",2008,0,0.3658,11.8,9.8,11.98
"SH208_L",2008,0,-0.6148,11.27,9.48,10.85
"SH209_L",2008,0,-0.3543,11.13,9.77,11.25
"SH210_L",2008,0,3.5671,13.62,12.05,13.98
"SH211_L",2008,0,1.7264,12.79,10.57,12.79
"SH213_L",2008,0,1.8509,12.65,10.66,13.14
"SH241_L",2008,1,-1.5792,11.09,8.96,9.56
"SH242_L",2008,0,3.8136,13.3,11.99,15.04
"SH243_L",2008,0,1.1241,12.09,10.6,12.29
"SH255_L",2008,1,-1.0622,10.42,9.74,10.6
"SH256_L",2008,0,-0.9355,10.7,9.39,10.98
"SH257_L",2008,0,-0.1269,11.8,9.88,10.75
"SH331_L",2008,0,-0.3371,11.83,9.29,11
"203",2009,1,4.5827,13.55,12.78,15.44
"JP1022",2009,0,0.2009,12.15,9.49,11.55
"JP1076",2009,0,2.3577,12.61,11.22,13.62
"JP1395/P789",2009,1,-0.9395,11.03,9.19,10.8
"JP1396",2009,1,-0.827,10.8,9.61,10.81
"JP1431",2009,0,-1.4729,10.38,9.03,10.64
"JP1434",2009,0,-0.0859,11.82,9.97,10.7
"JP1438",2009,0,-1.4151,11.54,8.39,10.09
"JP1504/P568",2009,0,0.1182,11.65,10.13,11.18
"JP1714",2009,0,-1.3279,10.8,9.07,10.37
"JP1726",2009,1,-0.2587,11.54,9.58,11.18
"JP1729",2009,1,-0.0444,11.84,9.9,10.86
"JP1749",2009,0,1.5986,13.06,10.52,12.21
"JP2320",2009,0,-1.3607,9.95,8.96,11.55
"JP2340",2009,1,-1.2361,11.03,9.268431,10.02
"JP2383",2009,1,-1.2706,10.57,9.24,10.58
"JP2397",2009,0,-0.4662,11.63,9.41,10.81
"JP2416",2009,0,-0.8765,11.1,9.33,10.67
"JP2417",2009,0,-1.6327,10.55,8.94,10.17
"JP2441",2009,0,-0.7205,11.2,9.25,11
"JP3022",2009,1,-0.5006,11.52,9.46,10.81
"JP3042",2009,0,0.1421,10.6,10.32,12.36
"JP3045",2009,0,0.2225,11.81,9.7,11.77
"JP3048",2009,1,3.4676,13.65,12.16,13.57
"SH031_L",2009,1,2.3687,12.75,11.72,12.81
"SH057_L",2009,0,0.3119,12.04,10.04,11.23
"SH059_L",2009,1,2.8351,13.6,11.24,13.39
"SH074_L",2009,0,-0.9727,10.88,9.52,10.49
"SH078_L",2009,0,-1.2603,10.95,9.13,10.25
"SH106_L",2009,0,-0.4137,11.76,9.41,10.76
"SH111_L",2009,0,-1.2109,10.51,9.42,10.56
"SH1402_L",2009,0,-0.5964,11.72,9.13,10.76
"SH1403_L",2009,0,-2.1067,10.69,8.69,9.23
"SH157_S",2009,0,-3.4052,10,6.9,9.5
"SH172_L",2009,1,-1.4379,11.03,8.8,10.17
"SH255_L",2009,1,-1.0622,10.42,9.74,10.6
"SH277_L",2009,1,-0.4869,11.26,9.76,10.79
"SH362_L",2009,0,-0.5559,11.57,9.29,10.84
"SH363_L",2009,1,2.5546,13.21,11.27,13.22
"SH364_L",2009,0,0.2318,11.51,10.04,11.74
"SH366_L",2009,0,-0.4081,11,9.76,11.31
"SH367_L",2009,1,3.355,13.32,12.47,13.34
"SH368_L",2009,1,0.2376,11.74,9.95,11.57
"SH369_L",2009,0,0.9093,12.11,10.15,12.36
"SH370_L",2009,0,-0.6109,10.89,9.63,11.16
"SH371_L",2009,0,1.0686,11.73,10.58,12.66
"SH372_L",2009,0,1.8242,12.15,11.13,13.12
"SH373_L",2009,0,-0.709,10.87,9.67,10.91
"SH374_L",2009,0,-1.0614,10.69,9.21,10.94
"SH375_L",2009,0,-0.2573,11.09,9.52,11.85
"SH376_L",2009,0,-1.5195,11.05,8.89,9.84
"SH377_L",2009,0,2.0465,12.31,10.83,13.81
"SH378_L",2009,0,-0.4895,11.92,9.27,10.56
"SH379_L",2009,0,-0.9746,11.15,8.97,10.85
"SH381_L",2009,0,-1.6581,10.49,8.81,10.36
"SH384_L",2009,1,-0.5281,11.58,9.39,10.76
"SH385_L",2009,0,-0.287,11.73,9.11,11.48
"SH386_L",2009,1,-0.0795,11.38,10.2,10.99
"SH387_L",2009,0,-1.1208,11.24,8.8,10.62
"SH408_L",2009,1,2.8463,13.6,11.62,12.92
"SH409_L",2009,0,-0.4947,11.54,9.32,10.98
"SH410_L",2009,0,4.6361,14.39,12.2,15.22
"SH411_L",2009,1,-1.1494,11.04,9.28,10.19
"SH412_L",2009,0,-0.8735,11.45,9.13,10.48
"SH414_L",2009,0,2.4874,12.84,11.37,13.42
"SH415_L",2009,0,-0.3563,11.05,9.77,11.35
"SH416_L",2009,0,-0.7381,11.74,9.13,10.41
"SH417_L",2009,1,0.2144,11.84,9.51,11.96
"SH418_L",2009,1,-2.1388,10.97,8.56,8.96
"SH419_L",2009,0,0.4799,12.18,9.78,11.77
"SH420_L",2009,0,-1.3356,11.13,9.04,9.96
"SH421_L",2009,0,-0.2717,11.29,9.9,11.06
"SH422_L",2009,0,-1.5376,10.61,8.64,10.7
"SH435_L",2009,1,-1.5547,11.16,9.04,9.42
"SH436_L",2009,0,0.1738,12.06,9.87,11.11
"SH437_L",2009,0,-1.2061,10.53,9.14,10.91
"SH438_L",2009,1,-1.4112,10.67,9.2,10.18
"SH439_L",2009,0,-0.0705,11.42,10.03,11.18
"SH440_L",2009,0,0.9637,11.85,10.92,11.82
"SH441_L",2009,0,2.6121,13.54,11.5,12.62
"SH442_L",2009,0,0.65,11.65,10.18,12.33
"SH443_L",2009,1,-1.1385,10.94,8.74,11.05
"SH444_L",2009,0,1.947,12.06,10.73,14.04
"SH445_L",2009,0,-1.3894,10.65,8.99,10.53
"SH446_L",2009,0,-1.7902,10.68,8.94,9.64
"SH447_L",2009,0,0.9486,12.46,9.73,12.54
"SH448_L",2009,0,-2.2665,10.27,8.67,9.44
"SH449_L",2009,0,-0.5046,11.13,9.43,11.35
"SH450_L",2009,1,0.1591,11.51,10.02,11.6
"SH451_L",2009,0,-1.1145,10.96,9.13,10.57
"SH452_L",2009,0,-0.3907,11.58,9.37,11.1
"SH453_L",2009,0,-1.693,11.19,8.76,9.43
"SH454_L",2009,0,-0.1443,11.71,9.61,11.18
"SH455_L",2009,0,0.3376,12.15,9.53,11.81
"SH456_L",2009,0,-0.6078,10.95,9.56,11.18
"SH457_L",2009,1,-0.7956,11.58,9.32,10.24
"SH458_L",2009,0,-1.6073,10.51,9.27,9.85
"SH459_L",2009,0,-0.1581,11.49,9.63,11.41
"SH460_L",2009,0,0.5553,11.55,10.49,11.84
"SH461_L",2009,0,-0.693,10.36,10.01,11.17
"SH462_L",2009,0,-0.4987,11.26,9.31,11.35
"SH463_L",2009,0,-2.0343,10.06,8.95,9.88
"SH464_L",2009,0,1.0971,12.09,10.2,12.75
"SH465_L",2009,0,0.0574,11.95,9.83,11.04
"SH466_L",2009,0,-0.8314,11.21,9.36,10.59
"SH470_L",2009,0,-0.5786,11.37,9.19,11.18
"SH471_L",2009,0,1.3845,12.67,10.26,12.57
"SH472_L",2009,1,3.4837,14.1,11.3,14.14
"SH474_L",2009,0,-1.1514,10.36,9,11.44
"SH482_L",2009,0,1.4387,11.87,10.72,13.14
"SH485_L",2009,0,-1.3166,10.94,8.98,10.33
"SH487_L",2009,0,2.5539,13.38,11.06,13.27
"SH495_L",2009,0,-0.6484,11.05,9.45,11.1
"SH496_L",2009,1,-1.2356,11.05,9.05,10.28
"SH500_L",2009,0,-1.6622,10.39,9.11,10.09
"SH501_L",2009,0,-0.649,12.04,9.2,10.13
"SH502_L",2009,0,1.8967,12.68,11.04,12.71
"SH503_L",2009,0,-1.9524,10.03,8.61,10.55
"SH504_L",2009,0,-1.1854,10.73,9.06,10.8
"SH505_L",2009,0,-0.3377,11.64,9.51,10.96
"SH515_L",2009,0,0.5426,11.85,10.19,11.81
"SH516_L",2009,0,-1.8649,10.75,8.67,9.73
"SH517_L",2009,0,-1.6729,10.52,9.03,10
"SH518_L",2009,0,-0.9398,11.14,9.34,10.46
"SH519_L",2009,0,2.2652,13.01,11.37,12.69
"SH520_L",2009,1,1.1739,12.6,10.36,12.05
"SH521_L",2009,0,1.6304,12.94,10.88,11.97
"SH522_L",2009,0,-1.7518,10.84,8.87,9.61
"SH523_L",2009,0,0.4269,12.21,9.91,11.44
"SH527_L",2009,0,-1.7897,10.8,8.56,9.98
"SH528_L",2009,0,2.6845,13.47,11.49,12.89
"SH534_L",2009,0,-2.3085,11.12,8.12,8.95
"SH535_L",2009,0,-3.2688,9.83,7.8,8.86
"SH536_L",2009,0,-0.0981,11.28,10.03,11.3
"SH537_L",2009,0,-1.2897,11.42,8.96,9.79
"SH538_L",2009,0,-1.7816,10.84,8.81,9.62
"SH539_L",2009,0,-0.4265,12.08,9.22,10.56
"SH540_L",2009,0,-0.1929,11.38,9.48,11.67
"SH542_L",2009,0,2.1577,12.75,11.22,12.98
"SH543_L",2009,1,4.5807,14.66,12.3,14.61
"SH544_L",2009,0,0.3005,11.93,10,11.4
"SH545_L",2009,0,0.5759,12.12,10.2,11.52
"SH551_L",2009,0,-1.1549,10.93,9.12,10.53
"SH552_L",2009,0,-0.8549,11.43,9.29,10.34
"SH553_L",2009,0,-0.8877,10.94,8.98,11.31
"SH562_L",2009,0,-0.0569,11.53,9.89,11.25
"SH563_L",2009,0,-1.8917,10.67,8.32,10.23
"SH564_L",2009,1,-2.0878,10.83,8.69,9.09
"SH565_L",2009,0,0.3425,11.78,9.81,11.94
"SH566_L",2009,0,0.1182,11.68,9.87,11.48
"SH567_L",2009,0,-0.8523,10.73,9.36,11.17
"SH568_L",2009,0,2.3984,12.44,11.96,12.97
"SH569_L",2009,0,1.5458,12.22,10.71,12.94
"SH570_L",2009,0,-0.7594,12.04,8.93,10.23
"SH571_L",2009,0,-1.473,10.93,8.67,10.39
"SH572_L",2009,0,0.2009,11.88,9.73,11.59
"SH592_L",2009,0,-0.0764,11.96,9.67,10.93
"SH593_L",2009,0,4.1654,13.67,12.22,15.06
"SH598_L",2009,0,-0.3534,11.1,9.61,11.5
"SH599_L",2009,0,-0.0431,11.18,10.15,11.4
"SH600_L",2009,0,0.3876,11.65,10.05,11.9
"SH601_L",2009,0,-0.5269,12.16,9.24,10.2
"SH602_L",2009,1,3.8548,14.02,12.13,14.01
"SH603_L",2009,0,-0.3874,10.98,9.64,11.54
"SH617_L",2009,0,0.7959,12.14,9.86,12.44
"SH618_L",2009,0,-0.8606,11.3,9.05,10.81
"SH620_L",2009,1,-0.4737,11.07,9.23,11.76
"SH623_L",2009,0,2.5866,13.11,10.79,14.05
"SH624_L",2009,0,-1.5489,10.32,8.98,10.61
"SH625_L",2009,0,-0.1451,11.56,9.69,11.27
"SH626_L",2009,1,2.4743,13.49,10.91,13.14
"SH627_L",2009,0,1.5082,11.87,10.65,13.39
"SH628_L",2009,0,-0.9684,10.56,9.35,11.14
"SH629_L",2009,0,-0.6156,10.84,9.12,11.88
"SH631_L",2009,0,0.3997,11.81,10.34,11.34
"SH635_L",2009,0,0.6018,12.2,9.82,11.97
"SH636_L",2009,0,0.4669,11.7,10.2,11.82
"SH637_L",2009,0,-0.1031,11.37,9.54,11.81
"SH639_L",2009,0,0.7766,12.31,10.2,11.73
"SH641_L",2009,1,-0.7274,11.04,9.82,10.45
"SH657_L",2009,0,-1.5659,10.64,8.66,10.57
"SH658_L",2009,0,0.5785,11.82,10.03,12.14
"SH659_L",2009,0,-0.3596,11.42,9.47,11.25
"SH661_L",2009,0,-0.1723,11.07,10.08,11.34
"SH662_L",2009,0,-1.247,10.78,9.04,10.62
"SH663_L",2009,0,0.7075,11.79,10.01,12.5
"SH665_L",2009,0,2.1018,12.25,11.24,13.48
"SH675_L",2009,0,4.7808,13.7,12.9,15.54
"SH676_L",2009,0,-0.8443,10.99,9.19,11.07
"SH680_L",2009,0,0.2737,10.9,10.38,12.19
"SH689_L",2009,0,-2.0353,10.21,8.66,10.06
"SH692_L",2009,0,-0.2321,11.66,9.56,11.11
"SH693_L",2009,1,4.046,13.72,12.39,14.5
"SH694_L",2009,0,-0.7168,11.11,9.27,11.1
"SH713_L",2009,0,0.9963,12.02,10.27,12.52
"SH714_L",2009,0,-0.221,10.68,9.78,12.13
"203",2010,0,4.5827,13.55,12.78,15.44
"JP1049",2010,0,-0.8051,11.34,9.36,10.48
"JP1200",2010,0,-1.685,10.43,9.03,10.09
"JP1386",2010,1,-1.5022,9.74,9.72,10.51
"JP1395/P789",2010,1,-0.9395,11.03,9.19,10.8
"JP1396",2010,0,-0.827,10.8,9.61,10.81
"JP1410",2010,0,-1.0732,11.66,9.16,9.71
"JP1465",2010,0,-1.4984,11.06,8.71,10.11
"JP1726",2010,1,-0.2587,11.54,9.58,11.18
"JP1729",2010,1,-0.0444,11.84,9.9,10.86
"JP2340",2010,1,-1.2361,11.03,9.268431,10.02
"JP2363",2010,0,-0.956,10.33,9.61,11.13
"JP2383",2010,0,-1.2706,10.57,9.24,10.58
"JP2420",2010,0,-1.216,11.45,8.99,9.88
"JP3022",2010,0,-0.5006,11.52,9.46,10.81
"JP3033",2010,0,2.695,13.18,11.27,13.58
"JP3111",2010,0,2.4097,12.54,11.55,13.4
"JP3114",2010,0,-1.2588,9.24,10.41,10.82
"JP3115",2010,0,-0.682,11.22,9.88,10.24
"JP3116",2010,0,-0.1159,11.5,9.74,11.35
"JP3117",2010,0,-0.7309,11.38,9.45,10.48
"JP3118",2010,1,-0.9372,11.72,8.97,10.19
"JP3120",2010,1,-2.4203,9.76,9.05,9.26
"JP3121",2010,0,-1.9519,10.85,8.54,9.57
"JP3124",2010,0,2.8525,13.08,11.93,13.21
"JP3125",2010,0,-0.9088,10.74,9.55,10.78
"JP3126",2010,0,2.0725,12.6,11.06,13.19
"JP3127",2010,0,3.1053,14.14,11.54,12.91
"JP3128",2010,0,2.1975,12.91,11.62,12.34
"JP3129",2010,0,-1.6325,10.19,9.01,10.55
"JP3162",2010,1,-2.1445,10.34,8.76,9.51
"JP3163",2010,0,-1.2108,11.22,8.9,10.31
"JP3164",2010,1,2.3991,13.58,11.24,12.42
"JP3166",2010,0,0.8656,12.66,9.89,11.88
"JP3170",2010,1,-1.2979,10.59,9.31,10.4
"JP3171",2010,1,3.3347,13.32,11.66,14.35
"JP3173",2010,0,1.6771,12.4,10.66,13.07
"JP3174",2010,0,1.6802,12.56,10.85,12.62
"JP3180",2010,0,1.9477,12.49,10.76,13.44
"JP3316",2010,0,-1.3791,11.26,8.91,9.86
"JP3317",2010,0,2.0773,12.53,11.2,13.11
"JP3318",2010,0,3.1816,13.51,11.6,13.83
"JP3329",2010,0,-0.2305,11.2,9.61,11.65
"JP3332",2010,0,-1.7666,10.72,8.88,9.72
"JP3333",2010,0,-0.6497,11.07,9.65,10.81
"JP3334",2010,1,1.7774,12.14,11.15,13
"JP3335",2010,1,-0.9962,11.31,9.27,10.2
"JP3342",2010,0,2.1407,12.79,11.15,12.98
"JP3345",2010,0,-0.7733,10.73,9.69,10.92
"JP3346",2010,0,-1.0969,10.9,9.52,10.18
"JP3358",2010,0,-0.2888,11.38,9.68,11.19
"JP3374",2010,0,1.6939,12.15,11.4,12.47
"JP3376",2010,0,1.2563,12.18,10.45,12.67
"JP3377",2010,1,-1.0962,10.63,9.47,10.6
"JP3378",2010,0,2.4711,12.61,11.94,12.94
"JP3384",2010,0,-0.7995,11.28,9.2,10.78
"JP3397",2010,0,0.2474,11.76,9.97,11.54
"JP3398",2010,0,1.7329,13.05,10.52,12.53
"JP3399",2010,0,1.8897,12.43,11.01,13.06
"JP3400",2010,0,4.0715,13.61,12.66,14.35
"JP3401",2010,0,-0.8778,10.29,9.81,11.1
"JP3402",2010,1,1.8307,12.52,11.1,12.69
"JP3421",2010,0,-0.0531,11.77,9.84,11.01
"JP3423",2010,0,2.6684,12.96,11.72,13.22
"JP3424",2010,0,-0.4452,11.44,9.3,11.25
"JP3425",2010,0,-0.1772,11.46,9.78,11.21
"JP3426",2010,0,1.1362,12.45,10.36,12.16
"JP3433",2010,0,-2.6135,10,8.54,9.17
"JP3435",2010,0,-0.6994,11.45,9.32,10.63
"JP3436",2010,0,-2.5435,9.8,8.84,9.2
"JP3441",2010,0,-0.263,12.13,9.28,10.79
"JP3511",2010,0,-1.1024,11.43,8.91,10.27
"JP3512",2010,0,-1.9302,10.5,8.86,9.66
"JP3517",2010,0,0.4373,12.19,10.14,11.19
"JP3532",2010,0,3.6619,14.28,11.93,13.49
"JP3533",2010,1,-1.3462,10.61,9.42,10.12
"JP3535",2010,0,0.85,12.57,10.16,11.61
"JP3536",2010,0,-2.5139,10.69,8.13,9.03
"JP3537",2010,0,1.5552,12.43,10.93,12.4
"JP3539",2010,1,0.7139,12.35,10.28,11.43
"JP3540",2010,0,3.3367,13.5,12.15,13.48
"JP3558",2010,0,-0.5991,11.16,9.84,10.56
"JP3559",2010,0,-0.5166,11.67,9.55,10.46
"JP3560",2010,0,-0.2591,12.09,9.58,10.46
"MZ212",2010,0,0.7305,12.51,10.21,11.35
"MZ296",2010,0,0.5881,11.83,10.19,11.94
"SH059_L",2010,0,2.8351,13.6,11.24,13.39
"SH061_L",2010,0,-1.4474,11.04,8.85,10.07
"SH099_L",2010,0,-2.4658,9.46,9.11,9.47
"SH100_L",2010,0,-1.1777,11.11,9.03,10.36
"SH101_L",2010,1,1.8265,12.64,11.44,12.08
"SH120_L",2010,0,-3.3574,9.42,8.01,8.92
"SH122_L",2010,0,0.4354,11.68,10.28,11.67
"SH241_L",2010,1,-1.5792,11.09,8.96,9.56
"SH255_L",2010,0,-1.0622,10.42,9.74,10.6
"SH277_L",2010,0,-0.4869,11.26,9.76,10.79
"SH363_L",2010,1,2.5546,13.21,11.27,13.22
"SH368_L",2010,0,0.2376,11.74,9.95,11.57
"SH384_L",2010,1,-0.5281,11.58,9.39,10.76
"SH386_L",2010,1,-0.0795,11.38,10.2,10.99
"SH408_L",2010,1,2.8463,13.6,11.62,12.92
"SH411_L",2010,0,-1.1494,11.04,9.28,10.19
"SH417_L",2010,0,0.2144,11.84,9.51,11.96
"SH418_L",2010,1,-2.1388,10.97,8.56,8.96
"SH438_L",2010,1,-1.4112,10.67,9.2,10.18
"SH443_L",2010,0,-1.1385,10.94,8.74,11.05
"SH450_L",2010,1,0.1591,11.51,10.02,11.6
"SH472_L",2010,0,3.4837,14.1,11.3,14.14
"SH496_L",2010,0,-1.2356,11.05,9.05,10.28
"SH520_L",2010,1,1.1739,12.6,10.36,12.05
"SH543_L",2010,0,4.5807,14.66,12.3,14.61
"SH602_L",2010,0,3.8548,14.02,12.13,14.01
"SH626_L",2010,0,2.4743,13.49,10.91,13.14
"SH641_L",2010,1,-0.7274,11.04,9.82,10.45
"SH693_L",2010,0,4.046,13.72,12.39,14.5
"SH723_L",2010,0,2.4823,12.95,11.22,13.46
"SH724_L",2010,0,-0.4421,11.61,9.71,10.5
"SH726_L",2010,0,-1.652,10.33,9.05,10.27
"SH727_L",2010,0,-0.8965,11.17,9.24,10.65
"SH728_L",2010,0,4.1779,15.01,11.55,14.21
"SH729_L",2010,0,2.3718,12.6,11.27,13.6
"SH730_L",2010,0,-0.8698,10.86,9.59,10.66
"SH731_L",2010,0,-0.5601,11.4,9.2,11.17
"SH732_L",2010,0,-0.7329,11.43,9.22,10.71
"SH733_L",2010,0,2.212,13.56,10.71,12.71
"SH734_L",2010,0,-0.4028,10.99,9.81,11.27
"SH735_L",2010,1,-0.7582,11.15,9.632705,10.48
"SH736_L",2010,0,-1.164,11.18,9.16,10.13
"SH739_L",2010,0,-1.1894,11.02,9,10.49
"SH740_L",2010,0,-0.0214,11.7,9.59,11.5
"SH743_L",2010,0,-1.0266,10.72,9.31,10.85
"SH750_L",2010,0,0.4978,11.77,10.23,11.76
"SH751_L",2010,0,-0.844,11.18,9.46,10.47
"SH752_L",2010,0,-0.5704,11.55,9.53,10.52
"SH758_L",2010,0,-0.8646,11.68,8.8,10.63
"SH759_L",2010,0,-1.6809,10.21,9.02,10.4
"SH760_L",2010,1,-1.3755,11.41,8.72,9.92
"SH761_L",2010,0,2.7472,13.13,11.91,12.93
"SH763_L",2010,0,1.4414,12.13,11.2,12.18
"SH764_L",2010,0,3.4908,13.52,11.94,14.08
"SH765_L",2010,0,2.6593,13.11,11.27,13.59
"SH766_L",2010,0,-2.0669,10.33,8.86,9.57
"SH767_L",2010,0,0.1711,11.66,10.09,11.34
"SH768_L",2010,1,0.1278,11.36,10.2,11.49
"SH769_L",2010,0,0.1728,12.06,10.06,10.86
"SH775_L",2010,0,2.6792,13.2,11.46,13.27
"SH780_L",2010,0,3.2788,13.11,11.88,14.21
"SH781_L",2010,0,0.0616,11.31,10.18,11.43
"SH782_L",2010,0,-0.3136,11.76,9.8,10.48
"SH785_L",2010,0,-2.3286,10.37,8.53,9.35
"SH786_L",2010,0,-0.3172,11.47,9.77,10.89
"SH791_L",2010,0,0.9677,12.88,10.27,11.33
"SH792_L",2010,0,2.5226,13.23,11.24,13.16
"SH828_L",2010,0,1.7088,12.73,10.86,12.45
"SH829_L",2010,0,2.3868,13.12,11.35,12.85
"SH830_L",2010,0,3.4049,13.97,11.76,13.53
"SH834_L",2010,0,-0.8574,11.13,9.41,10.57
"SH841_L",2010,0,-1.0812,11.11,9.36,10.15
"SH842_L",2010,0,3.3457,13.82,11.5,13.93
"SH843_L",2010,0,-0.943,11.54,9.24,10.06
"SH847_L",2010,0,-0.6363,11.26,9.46,10.84
"SH848_L",2010,0,0.7604,12.04,10.45,11.72
"SH850_L",2010,1,-2.2376,10.32,8.87,9.18
"SH851_L",2010,1,-0.2914,11.82,9.61,10.7
"SH852_L",2010,0,-0.3018,11.38,9.78,11.03
"SH853_L",2010,0,-0.9976,11.78,9.31,9.53
"SH865_L",2010,0,0.9247,12.21,10.46,11.86
"SH866_L",2010,0,2.6525,13.03,11.53,13.34
"SH869_L",2010,0,2.0157,13.32,10.76,12.51
"SH870_L",2010,0,-0.9554,11.38,9.21,10.28
"SH871_L",2010,0,1.3263,12.15,10.48,12.83
"SH875_L",2010,0,-1.2358,10.67,9.4,10.32
"SH880_L",2010,0,1.0407,12.05,10.54,12.23
"SH882_L",2010,0,3.4662,13.58,11.76,14.18
"SH920_L",2010,0,3.9803,13.67,12.44,14.35
